IP;Fecha
::1 ;18/Sep/2024:15:37:13
::1 ;18/Sep/2024:15:37:13
127.0.0.1 ;18/Sep/2024:15:40:04
127.0.0.1 ;18/Sep/2024:15:40:04
::1 ;18/Sep/2024:15:40:16
::1 ;18/Sep/2024:16:00:56
::1 ;18/Sep/2024:16:01:00
::1 ;18/Sep/2024:16:01:06
::1 ;18/Sep/2024:17:01:03
::1 ;18/Sep/2024:17:02:46
::1 ;18/Sep/2024:17:02:52
::1 ;18/Sep/2024:17:04:53
::1 ;18/Sep/2024:17:05:05
::1 ;18/Sep/2024:17:06:53
::1 ;18/Sep/2024:17:30:00
::1 ;18/Sep/2024:17:30:45
::1 ;19/Sep/2024:08:31:42
::1 ;19/Sep/2024:08:48:07
::1 ;19/Sep/2024:08:48:07
::1 ;19/Sep/2024:08:49:35
::1 ;19/Sep/2024:08:49:52
::1 ;19/Sep/2024:08:49:55
::1 ;19/Sep/2024:08:51:22
::1 ;19/Sep/2024:11:16:02
::1 ;19/Sep/2024:11:16:08
::1 ;19/Sep/2024:11:37:46
::1 ;19/Sep/2024:11:37:49
::1 ;19/Sep/2024:11:45:31
::1 ;19/Sep/2024:11:46:09
::1 ;19/Sep/2024:11:46:23
::1 ;19/Sep/2024:11:46:23
::1 ;19/Sep/2024:11:52:08
::1 ;19/Sep/2024:11:52:27
::1 ;19/Sep/2024:11:52:44
::1 ;19/Sep/2024:11:53:13
::1 ;19/Sep/2024:11:57:26
::1 ;19/Sep/2024:11:58:50
::1 ;19/Sep/2024:11:58:51
::1 ;19/Sep/2024:11:59:26
::1 ;19/Sep/2024:12:01:39
::1 ;19/Sep/2024:12:01:42
::1 ;19/Sep/2024:12:02:08
::1 ;19/Sep/2024:12:02:09
::1 ;19/Sep/2024:12:52:46
::1 ;19/Sep/2024:13:17:13
::1 ;19/Sep/2024:15:39:49
::1 ;19/Sep/2024:15:39:50
::1 ;19/Sep/2024:15:39:50
::1 ;19/Sep/2024:15:46:57
::1 ;19/Sep/2024:15:55:59
::1 ;19/Sep/2024:15:57:49
::1 ;19/Sep/2024:15:57:51
::1 ;19/Sep/2024:15:57:51
::1 ;19/Sep/2024:15:58:09
::1 ;19/Sep/2024:15:58:10
::1 ;19/Sep/2024:15:58:10
::1 ;19/Sep/2024:15:58:11
::1 ;19/Sep/2024:15:59:48
::1 ;19/Sep/2024:15:59:56
::1 ;19/Sep/2024:16:04:32
::1 ;19/Sep/2024:16:04:32
::1 ;19/Sep/2024:16:04:59
::1 ;19/Sep/2024:16:05:09
::1 ;19/Sep/2024:16:05:10
::1 ;19/Sep/2024:16:08:46
::1 ;19/Sep/2024:16:08:53
::1 ;19/Sep/2024:16:10:17
::1 ;19/Sep/2024:16:13:28
::1 ;19/Sep/2024:16:13:28
::1 ;19/Sep/2024:16:14:08
::1 ;19/Sep/2024:16:15:12
::1 ;19/Sep/2024:16:15:12
::1 ;19/Sep/2024:16:46:24
::1 ;23/Sep/2024:08:19:43
::1 ;23/Sep/2024:08:39:34
::1 ;23/Sep/2024:08:40:02
::1 ;23/Sep/2024:08:40:03
::1 ;23/Sep/2024:08:40:05
::1 ;23/Sep/2024:08:42:06
::1 ;23/Sep/2024:08:45:57
::1 ;23/Sep/2024:08:48:37
::1 ;23/Sep/2024:08:50:04
::1 ;23/Sep/2024:13:49:39
::1 ;23/Sep/2024:13:49:42
::1 ;23/Sep/2024:13:49:54
::1 ;23/Sep/2024:13:49:54
::1 ;23/Sep/2024:13:57:47
::1 ;23/Sep/2024:13:57:50
::1 ;23/Sep/2024:15:40:52
::1 ;23/Sep/2024:15:40:55
::1 ;23/Sep/2024:15:51:01
::1 ;23/Sep/2024:16:13:53
::1 ;02/Oct/2024:11:12:56
::1 ;02/Oct/2024:11:12:56
::1 ;02/Oct/2024:11:16:33
::1 ;02/Oct/2024:11:22:20
::1 ;02/Oct/2024:11:25:19
::1 ;02/Oct/2024:11:27:52
::1 ;02/Oct/2024:11:27:56
::1 ;02/Oct/2024:11:28:16
::1 ;02/Oct/2024:11:28:17
::1 ;02/Oct/2024:11:29:20
::1 ;02/Oct/2024:11:32:04
::1 ;02/Oct/2024:11:32:04
::1 ;02/Oct/2024:11:35:46
::1 ;02/Oct/2024:11:35:51
::1 ;02/Oct/2024:11:36:14
::1 ;02/Oct/2024:11:36:18
::1 ;02/Oct/2024:11:36:22
::1 ;02/Oct/2024:11:36:22
::1 ;02/Oct/2024:11:36:26
::1 ;02/Oct/2024:11:36:27
::1 ;02/Oct/2024:12:20:34
